step,"gamma=0.5,cap=0.5","gamma=0.1,cap=0.1","gamma=2.0,cap=1.0","gamma=0.1,cap=2.0","gamma=1.0,cap=2.0","gamma=0.1,cap=0.5","gamma=0.1,cap=1.0","gamma=2.0,cap=0.1","gamma=2.0,cap=0.5","gamma=2.0,cap=2.0","gamma=0.5,cap=2.0","gamma=0.5,cap=0.1","gamma=1.0,cap=0.1","gamma=0.5,cap=1.0","gamma=1.0,cap=1.0","gamma=1.0,cap=0.5"
0,0.0002581423905212432,0.00023921867250464857,0.00022613132023252547,0.0002385331317782402,0.00024494071840308607,0.000239097309531644,0.00023892722674645483,0.00022644223645329475,0.0002263101632706821,0.00022570660803467035,0.0002574751270003617,0.0002582855522632599,0.0002457349910400808,0.0002579429710749537,0.00024539849255234003,0.00024559354642406106
10,0.0012842151336371899,0.0023072287440299988,0.0005676778382621706,0.0022921194322407246,0.0009222511434927583,0.0023046331480145454,0.002301037311553955,0.0005724519724026322,0.0005705163348466158,0.0005609136424027383,0.001274342997930944,0.0012863986194133759,0.0009378032991662621,0.0012812460772693157,0.0009312736801803112,0.0009351233602501452
20,0.005884979851543903,0.09282946586608887,0.0012676066253334284,0.09085270017385483,0.0009068684885278344,0.0925343930721283,0.09209416061639786,0.0012860691640526056,0.0012791226617991924,0.0012309728190302849,0.005775065161287785,0.005902810487896204,0.0009519155719317496,0.005857323296368122,0.0009355477523058653,0.0009454763494431973
30,0.24938778579235077,0.6236542463302612,0.03465065360069275,0.6108116507530212,0.0057045333087444305,0.6230484843254089,0.622016429901123,0.03477869927883148,0.03472933918237686,0.034392502158880234,0.2489541918039322,0.2494419515132904,0.005970281548798084,0.24929669499397278,0.005873292218893766,0.005931551102548838
40,0.01473511103540659,0.6777021288871765,0.06930539011955261,0.3851441740989685,0.09168724715709686,0.6708582043647766,0.6246494054794312,0.07092572748661041,0.07029411941766739,0.06377499550580978,0.01424886379390955,0.014781815931200981,0.09739751368761063,0.014652574434876442,0.09643492102622986,0.0970475971698761
50,0.00017227567150257528,0.6920015811920166,0.00586634362116456,0.057273391634225845,0.017770936712622643,0.6919682025909424,0.6918149590492249,0.007079958450049162,0.006217791233211756,0.005003750324249268,6.868632772238925e-05,7.480989734176546e-05,0.027014583349227905,7.995885971467942e-05,0.02280840277671814,0.023919563740491867
60,1.231122951139696e-05,0.6922749280929565,0.000834401638712734,0.003105564508587122,0.0005463515990413725,0.6922701597213745,0.6922506093978882,0.09495855122804642,0.0010169378947466612,0.0005878112278878689,3.521950202411972e-05,1.2928506293974351e-05,0.0022343688178807497,1.0786451639432926e-05,0.0007905536913312972,0.0010361765744164586
70,9.060192496690433e-06,0.6920218467712402,0.0017380533972755075,0.0005681819748133421,0.00015368449385277927,0.6920188069343567,0.692009687423706,0.07085984945297241,0.008762880228459835,0.0015388419851660728,3.0377339498954825e-05,9.358665010950062e-06,0.00035243708407506347,8.662183063279372e-06,9.792864148039371e-05,0.00013636249059345573
80,5.8822165556193795e-06,0.6915888786315918,0.004355704877525568,0.00033424264984205365,9.812876669457182e-05,0.691582441329956,0.6915701627731323,0.09408000856637955,0.06891398131847382,0.003912812564522028,2.6377176254754886e-05,6.064675289962906e-06,0.00010959489736706018,5.40934252057923e-06,3.482549436739646e-05,4.5128144847694784e-05
90,4.069958777108695e-06,0.6910839676856995,0.005177251994609833,0.00022041915508452803,7.414376887027174e-05,0.691076934337616,0.6910491585731506,0.1052251085639,0.067045196890831,0.0038258943241089582,2.3463628167519346e-05,4.123370672459714e-06,3.980332985520363e-05,3.7442234770423966e-06,1.660176712903194e-05,1.9655213691294193e-05
100,3.060543804167537e-06,0.6905471086502075,0.006179405841976404,0.00015370649634860456,5.972435246803798e-05,0.690537691116333,0.6905077695846558,0.10961239039897919,0.0669993981719017,0.0018712780438363552,2.0969629986211658e-05,3.210153181498754e-06,1.5620869817212224e-05,2.9173470466048457e-06,9.151460290013347e-06,8.656622412672732e-06
110,2.5803324206208345e-06,0.6900026798248291,0.0062265158630907536,0.00010854197898879647,4.9863192543853074e-05,0.6899914741516113,0.6899558901786804,0.12023566663265228,0.07181822508573532,0.001020957948639989,1.902657822938636e-05,2.592904138509766e-06,6.989769644860644e-06,2.3756801965646446e-06,5.55293354409514e-06,4.3099089452880435e-06
120,2.1388234472397016e-06,0.689466655254364,0.007129739969968796,7.541808008681983e-05,4.2722385842353106e-05,0.6894543170928955,0.6894137859344482,0.12709537148475647,0.0761973112821579,0.0006351158954203129,1.7382546502631158e-05,2.234225348729524e-06,3.646576487881248e-06,2.054013521046727e-06,3.4135423447878566e-06,2.557952939241659e-06
130,2.0059430880792206e-06,0.688951849937439,0.0076750945299863815,5.221644096309319e-05,3.726123759406619e-05,0.6889375448226929,0.6888929605484009,0.1353631168603897,0.08024144917726517,0.0005871828179806471,1.584553137945477e-05,1.999074811465107e-06,2.058917289105011e-06,1.7986330931307748e-06,2.3889829208201263e-06,1.6381882232963108e-06
140,1.7993927485804306e-06,0.6884642839431763,0.008704721927642822,3.964727511629462e-05,3.280088640167378e-05,0.6884492039680481,0.6884023547172546,0.14253583550453186,0.08337815850973129,0.0006046234630048275,1.4562641808879562e-05,1.7744524711815757e-06,1.4013186273587053e-06,1.6905595430216636e-06,1.6421338386862772e-06,1.2799921478290344e-06
150,1.6933271353991586e-06,0.6880109906196594,0.009370021522045135,3.186142203048803e-05,2.931494964286685e-05,0.6879956722259521,0.6879468560218811,0.14973612129688263,0.08693715929985046,0.0006181707140058279,1.3441014743875712e-05,1.66831318892946e-06,1.0857314691747888e-06,1.5156832660068176e-06,1.273347152164206e-06,1.0649438308973913e-06
160,1.6501088566656108e-06,0.6875952482223511,0.010158457793295383,2.6537440135143697e-05,2.641116952872835e-05,0.6875795125961304,0.6875309348106384,0.15564410388469696,0.0895412489771843,0.000626968452706933,1.2406142559484579e-05,1.56126748152019e-06,1.0222163382422877e-06,1.4441098983297707e-06,1.0663918601494515e-06,9.080105201064725e-07
170,1.39575126922864e-06,0.6872193217277527,0.010906153358519077,2.2609401639783755e-05,2.403157122898847e-05,0.687204122543335,0.6871556043624878,0.16318821907043457,0.09162645041942596,0.0005972993094474077,1.1662928955047391e-05,1.429207145520195e-06,8.588618811700144e-07,1.2509386806414113e-06,8.575200354243862e-07,8.640732858111733e-07
180,1.3924428685641033e-06,0.6868835091590881,0.012561785988509655,1.970907032955438e-05,2.1792035113321617e-05,0.6868690848350525,0.6868218779563904,0.16855262219905853,0.08840221166610718,0.0005927863530814648,1.0977629244734999e-05,1.3646944125866867e-06,8.147090966303949e-07,1.2038027534799767e-06,8.817014531814493e-07,7.532308927693521e-07
190,1.2675972129727597e-06,0.6865874528884888,0.013825906440615654,1.733818862703629e-05,2.0047518773935735e-05,0.6865737438201904,0.6865288019180298,0.16903340816497803,0.035764098167419434,0.0005592957604676485,1.0169348570343573e-05,1.2382286058709724e-06,7.660241863050032e-07,1.1939664545934647e-06,6.995521744102007e-07,6.880326282043825e-07
200,1.2439095371519215e-06,0.6863290667533875,0.015115621499717236,1.546867861179635e-05,1.8542525140219368e-05,0.6863163709640503,0.6862741112709045,0.16939932107925415,0.03554995357990265,0.0005323241930454969,9.656897418608423e-06,1.2970726857020054e-06,6.427706011891132e-07,1.0531031193750096e-06,6.182258402986918e-07,5.974970918032341e-07
210,1.1526699381647632e-06,0.6861060261726379,0.01620274782180786,1.3982416930957697e-05,1.7214639228768647e-05,0.6860945820808411,0.6860550045967102,0.131639301776886,0.06193729490041733,0.0005665838252753019,9.073919500224292e-06,1.251428443538316e-06,6.993492434048676e-07,9.451219398215471e-07,6.75909632263938e-07,7.107064448064193e-07
220,1.0730973372119479e-06,0.6859158873558044,0.0170273520052433,1.2747570508508943e-05,1.5905681721051224e-05,0.685905396938324,0.6858685612678528,0.13075149059295654,0.05126914381980896,0.0007483148947358131,8.497504495608155e-06,1.1716361996150226e-06,6.635486329287232e-07,7.860146524762968e-07,5.758889756179997e-07,5.603848194368766e-07
230,1.0179248874919722e-06,0.6857549548149109,0.017987661063671112,1.16856590466341e-05,1.4838875358691439e-05,0.6857454776763916,0.6857100129127502,0.16555140912532806,0.03396889567375183,0.0013227453455328941,8.073901881289203e-06,1.0717608347476926e-06,6.53618940305023e-07,6.119332169873815e-07,6.546810027430183e-07,5.735923878091853e-07
240,9.10640721940581e-07,0.6856204271316528,0.019160857424139977,1.0828518497874029e-05,1.3818378647556528e-05,0.6856122016906738,0.6855621933937073,0.0976647436618805,0.021930262446403503,0.0019085598178207874,7.712059414188843e-06,1.0528842722123954e-06,5.698843210666382e-07,6.582874902960612e-07,5.900782298340346e-07,5.693942739526392e-07
250,1.0232452041236684e-06,0.6855088472366333,0.020040322095155716,1.0047606338048354e-05,1.2950895325047895e-05,0.6855016946792603,0.0635833740234375,0.0686030238866806,0.03783576563000679,0.00259219016879797,7.194136742327828e-06,1.0077320666823653e-06,5.58732722311106e-07,9.420302831131266e-07,5.427207270258805e-07,6.322578656181577e-07
260,9.967938012778177e-07,0.685417115688324,0.02045961283147335,9.513362783764023e-06,1.214872463606298e-05,0.6854110360145569,0.07624784111976624,0.13761693239212036,0.023290690034627914,0.0032292213290929794,6.963086434552679e-06,9.804308547245455e-07,6.302406063696253e-07,1.2789791981049348e-06,6.031840484865825e-07,5.647509055961564e-07
270,9.566776952851797e-07,0.6853426098823547,0.021473055705428123,8.816119589027949e-06,1.147005968960002e-05,0.6853371858596802,0.08901777863502502,0.0777541846036911,0.049341458827257156,0.0035462924279272556,6.577740805369103e-06,9.394269682161394e-07,6.338121920634876e-07,1.8623929918248905e-06,5.960985163255828e-07,6.225359356903937e-07
280,8.451206099380215e-07,0.6852825880050659,0.02215188927948475,8.40310713101644e-06,1.0784069672808982e-05,0.6852778792381287,0.004882647655904293,0.06488050520420074,0.05044591799378395,0.0036045233719050884,6.329280040517915e-06,1.0267846164424554e-06,5.990946192468982e-07,2.5025087779795285e-06,6.48193577035272e-07,6.422343403755804e-07
290,8.889329023986647e-07,0.6852346062660217,0.02291920781135559,7.917029506643303e-06,1.0251842468278483e-05,0.6852307915687561,0.0018684965325519443,0.0493294820189476,0.08739566057920456,0.003787882160395384,6.085469522076892e-06,8.676088327774778e-07,6.549489626195282e-07,2.9538923627114855e-06,6.92503363097785e-07,6.3293686025645e-07
300,8.526740202796645e-07,0.6851966977119446,0.02367907017469406,7.483459739887621e-06,9.60228317126166e-06,0.6851933002471924,0.0010971809970214963,0.0716785117983818,0.03287285193800926,0.00399022689089179,5.805421551485779e-06,8.313496664413833e-07,7.933911092550261e-07,3.3897154025908094e-06,8.106823088382953e-07,7.218418431875762e-07
310,8.613042723482067e-07,0.6851669549942017,0.02425931580364704,7.086692676239181e-06,9.198335646942724e-06,0.6851640343666077,0.0008040460525080562,0.058096107095479965,0.02832501009106636,0.004147454630583525,5.531881470233202e-06,9.209911127072701e-07,8.635979042992403e-07,3.6259934859117493e-06,9.236701998815988e-07,1.03264142126136e-06
320,8.308474548357481e-07,0.685143768787384,0.024790775030851364,6.836021384515334e-06,8.68031111167511e-06,0.6851415634155273,0.0006725034327246249,0.07709550112485886,0.04487620294094086,0.0040626502595841885,5.289884938974865e-06,8.102402944132336e-07,1.0405140073999064e-06,3.855846443912014e-06,1.1016265943908365e-06,1.1122511978101102e-06
330,8.419093546763179e-07,0.685126006603241,0.025350268930196762,6.600939741474576e-06,8.36013896332588e-06,0.6851242184638977,0.0006425917963497341,0.12722963094711304,0.039213355630636215,0.00326547771692276,5.085305929242168e-06,7.810893407622643e-07,1.422019977326272e-06,3.766316240216838e-06,1.2784366845153272e-06,1.464693013986107e-06
340,7.736763905086264e-07,0.6851128935813904,0.02582421712577343,6.469142135756556e-06,8.07089963927865e-06,0.6851111054420471,0.0008686043438501656,0.12985733151435852,0.07745750993490219,0.0029981513507664204,4.833457751374226e-06,7.925650606921408e-07,1.8090852336172247e-06,3.885647402057657e-06,1.9179137780156452e-06,1.935805130415247e-06
350,8.294172175737913e-07,0.6851025819778442,0.026350533589720726,6.170116193970898e-06,7.567016837128904e-06,0.6851011514663696,0.023211881518363953,0.07851748913526535,0.10918273776769638,0.002891545183956623,4.688213721237844e-06,8.466132612738875e-07,2.6129689558729297e-06,3.8920461520319805e-06,2.8691233637800906e-06,2.8448419016058324e-06
360,6.835024919382704e-07,0.6850951313972473,0.026924733072519302,6.014405244059162e-06,7.489420568163041e-06,0.685093879699707,0.1132873073220253,0.3456241190433502,0.05896114557981491,0.0031691761687397957,4.5722490540356375e-06,7.837321618353599e-07,4.03859712605481e-06,3.933644620701671e-06,4.544322109722998e-06,4.5194392441771924e-06
370,6.973294830459054e-07,0.6850898265838623,0.027466731145977974,5.883257017558208e-06,7.80710433900822e-06,0.685088574886322,0.11485687643289566,0.21204285323619843,0.031037086620926857,0.0036145327612757683,4.4361322579788975e-06,7.137433613024768e-07,7.174939582910156e-06,3.7688359952881e-06,8.321894711116329e-06,8.331971912411973e-06
380,7.560516905869008e-07,0.6850858926773071,0.027972236275672913,5.8776226978807244e-06,9.162591595668346e-06,0.6850849390029907,0.11061128973960876,0.17424321174621582,0.04320936277508736,0.004506470635533333,4.256228749000002e-06,7.349984230131668e-07,1.4033792467671447e-05,3.7580573462037137e-06,1.5433002772624604e-05,1.565601814945694e-05
390,7.29876830973808e-07,0.6850833296775818,0.028475312516093254,5.79816332901828e-06,8.785508725850377e-06,0.685082197189331,0.10670211911201477,0.2238643616437912,0.03289494290947914,0.005372964311391115,4.080162398167886e-06,7.047435133245017e-07,1.8762471881927922e-05,3.7932459235889837e-06,1.582542790856678e-05,1.6635609426884912e-05
400,7.083756941028696e-07,0.6850813627243042,0.028958654031157494,5.600998520094436e-06,7.192844350356609e-06,0.6850805282592773,0.10378361493349075,0.21272136270999908,0.04788362234830856,0.006611315533518791,4.0459144656779245e-06,8.021577286854153e-07,1.1981926945736632e-05,3.701240302689257e-06,9.895891707856208e-06,1.04775672298274e-05
410,7.596697741973912e-07,0.6850804090499878,0.02867121808230877,5.6467397371307015e-06,6.550912985403556e-06,0.6850794553756714,0.10213642567396164,0.24281586706638336,0.04940429702401161,0.0073739648796617985,3.851455403491855e-06,6.924462354618299e-07,8.844239346217364e-06,3.7093382161401678e-06,8.003013135748915e-06,8.408697794948239e-06
420,7.034034297248581e-07,0.6850796937942505,0.02906130626797676,5.651409082929604e-06,6.1758664742228575e-06,0.6850786209106445,0.10253284871578217,0.22898715734481812,0.0595121756196022,0.007409325800836086,3.8080938793427777e-06,6.713951279380126e-07,8.135485586535651e-06,3.7439110656123376e-06,7.389724487438798e-06,7.672391802771017e-06
430,7.25931840861449e-07,0.6850793361663818,0.0287785641849041,5.731727469537873e-06,5.949781552772038e-06,0.6850784420967102,0.10458773374557495,0.2617477774620056,0.07645801454782486,0.007112259045243263,3.681896487250924e-06,7.351451358772465e-07,7.32411399440025e-06,3.734526217158418e-06,6.669513368251501e-06,6.982388185861055e-06
440,7.421099326165859e-07,0.6850792765617371,0.0264170803129673,5.719715773011558e-06,5.687178600055631e-06,0.6850782632827759,0.1115313321352005,0.23745590448379517,0.06504280865192413,0.004390719346702099,3.59319847120787e-06,6.662460236839252e-07,6.667269190074876e-06,3.736301096068928e-06,6.082944310037419e-06,6.382750143529847e-06
450,6.97582834163768e-07,0.6850792765617371,0.025752972811460495,5.8849400375038385e-06,5.426851203083061e-06,0.6850783228874207,0.11344914883375168,0.2756950259208679,0.04418299347162247,0.0028461050242185593,3.501184892229503e-06,6.974005373194814e-07,6.247131750569679e-06,3.797629005930503e-06,5.808999048895203e-06,6.0989204939687625e-06
460,7.150465535232797e-07,0.6850795745849609,0.015151851810514927,5.960979706287617e-06,5.214717930357438e-06,0.6850783228874207,0.08873703330755234,0.24489858746528625,0.101271852850914,0.0014174068346619606,3.349679900566116e-06,7.559913797194895e-07,5.957945631962502e-06,3.7223253457341343e-06,5.6890798987296876e-06,5.874613634659909e-06
470,6.131621717031521e-07,0.68507981300354,0.02817377634346485,6.186083282955224e-06,4.9712389227352105e-06,0.6850786209106445,0.04922626167535782,0.28876763582229614,0.07012742757797241,0.0011255443096160889,3.279254542576382e-06,6.95445748988277e-07,5.765610694652423e-06,3.71343821825576e-06,5.393565515987575e-06,5.641389634547522e-06
480,6.302661859081127e-07,0.6850801706314087,0.01371424924582243,6.255459084059112e-06,4.89150443172548e-06,0.6850789189338684,0.024043401703238487,0.25972989201545715,0.04757149890065193,0.0014109807088971138,3.137850399070885e-06,6.779129648748494e-07,5.648860678775236e-06,3.823849510808941e-06,5.264757419354282e-06,5.45895909453975e-06
490,7.007412818893499e-07,0.6850807070732117,0.008917680010199547,6.3070328906178474e-06,4.729392003355315e-06,0.6850791573524475,0.032297611236572266,0.2999761402606964,0.040088534355163574,0.0019107628613710403,3.2473831197421532e-06,6.710904472129187e-07,5.4935367188591044e-06,3.832826678262791e-06,5.227271230978658e-06,5.364201570046134e-06
500,6.424393177439924e-07,0.6850810647010803,0.029638933017849922,6.533663963637082e-06,4.705732408183394e-06,0.6850794553756714,5.005994898965582e-05,0.28291475772857666,0.04700355604290962,0.0029175924137234688,3.143255753457197e-06,7.415888489958888e-07,5.4259589887806214e-06,3.789246875385288e-06,5.127912118041422e-06,5.333518856787123e-06
510,6.278301611928327e-07,0.6850813627243042,0.01128116063773632,6.531681719934568e-06,4.521663413470378e-06,0.6850798726081848,2.4327067876583897e-05,0.3011915385723114,0.045694731175899506,0.0041022286750376225,3.0274188702605898e-06,6.939349077583756e-07,5.372727173380554e-06,3.940277565561701e-06,4.980440735380398e-06,5.297895768308081e-06
520,6.455226184698404e-07,0.6850814819335938,0.00811709463596344,6.647870577580761e-06,4.439322310645366e-06,0.6850802302360535,1.7254980775760487e-05,0.3025350272655487,0.07343096286058426,0.005395356100052595,2.922985913755838e-06,7.546533424829249e-07,5.308424078975804e-06,4.016562343167607e-06,4.937144694849849e-06,5.241848157311324e-06
530,6.315274276857963e-07,0.6850818395614624,0.010175093077123165,6.549531008204212e-06,4.288169293431565e-06,0.6850804686546326,1.278442687180359e-05,0.2981990575790405,0.07101957499980927,0.0066765486262738705,3.0301903279905673e-06,7.40047539693478e-07,5.302539648255333e-06,4.0343265936826356e-06,4.869747499469668e-06,5.206052264838945e-06
540,5.609354047919624e-07,0.6850823163986206,0.028973128646612167,6.550112630065996e-06,4.160262506047729e-06,0.6850808262825012,1.1161697329953313e-05,0.32640907168388367,0.05697611719369888,0.007279711775481701,2.826636091413093e-06,5.754949370384566e-07,5.246783985057846e-06,4.234403149894206e-06,4.983220151189016e-06,5.3138460316404235e-06
550,5.471132453749306e-07,0.6850825548171997,0.02764931693673134,6.450574801419862e-06,4.267749318387359e-06,0.6850812435150146,1.0552384992479347e-05,0.31743139028549194,0.09111897647380829,0.007616105489432812,2.8612155347218504e-06,6.946798976059654e-07,5.24346705788048e-06,4.124703991692513e-06,4.993545644538244e-06,5.279049219097942e-06
560,5.197618406782567e-07,0.6850829124450684,0.026655113324522972,6.445193776016822e-06,4.056009402120253e-06,0.6850814819335938,1.0344421752961352e-05,0.32874810695648193,0.038397934287786484,0.006927588488906622,2.7335840968589764e-06,6.821356919317623e-07,5.299764779920224e-06,4.300619366404135e-06,4.895635356660932e-06,5.260212674329523e-06
570,6.097978371144563e-07,0.6850831508636475,0.02301483228802681,6.257654604269192e-06,3.9600881791557185e-06,0.6850816607475281,1.0185580322286114e-05,0.33620092272758484,0.0624079555273056,0.005651017185300589,2.6641926069714827e-06,6.844957738394442e-07,5.369417976908153e-06,4.398243163450388e-06,4.971941962139681e-06,5.215438704908593e-06
580,5.974841883471527e-07,0.6850834488868713,0.004997923504561186,5.869238975719782e-06,3.938909230782883e-06,0.6850818991661072,1.0023463801189791e-05,0.3343745470046997,0.03338462486863136,0.004051441792398691,2.764174496405758e-06,6.733392297064711e-07,5.335906280379277e-06,4.539427663985407e-06,5.019478521717247e-06,5.3037647376186214e-06
590,6.444356017709651e-07,0.68508380651474,0.0035164302680641413,5.7572065088606905e-06,3.9166666283563245e-06,0.6850822567939758,1.0004658179241233e-05,0.3393714427947998,0.04926067963242531,0.001520513091236353,2.6640436772140674e-06,5.88338366469543e-07,5.356321253202623e-06,4.665193046093918e-06,4.997037649445701e-06,5.3262260735209566e-06
600,6.771684866180294e-07,0.6850838661193848,0.0031165974214673042,5.5910259106894955e-06,3.892352651746478e-06,0.6850825548171997,9.945085366780404e-06,0.3475443720817566,0.07827900350093842,0.0005854982882738113,2.6748607524496038e-06,6.23337882643682e-07,5.511277777259238e-06,4.796400389750488e-06,5.103369858261431e-06,5.402765054896008e-06
610,5.624660275316273e-07,0.6850842237472534,0.027523493394255638,5.299033546179999e-06,3.727181592694251e-06,0.6850828528404236,9.884074643196072e-06,0.3507066071033478,0.04382731765508652,0.00043737125815823674,2.560841039667139e-06,6.302724386841874e-07,5.606046215689275e-06,4.99110183227458e-06,5.215235432842746e-06,5.534156571229687e-06
620,6.70596591589856e-07,0.6850844621658325,0.026127906516194344,5.035563845012803e-06,3.620516054070322e-06,0.6850830316543579,9.783760106074624e-06,0.3535100221633911,0.029618289321660995,0.00035581443808041513,2.614332061057212e-06,6.504321277134295e-07,5.6789308473526035e-06,5.19445075042313e-06,5.336573394743027e-06,5.641420102620032e-06
630,5.405800607150013e-07,0.6850845813751221,0.024545740336179733,4.8372448873124085e-06,3.6533283491735347e-06,0.6850832104682922,9.843153748079203e-06,0.35824328660964966,0.06980422884225845,0.00042327516712248325,2.5432884740439476e-06,6.595133754672133e-07,5.7650772760098334e-06,5.504536602529697e-06,5.390742899180623e-06,5.684691586793633e-06
640,5.57967439362983e-07,0.6850848197937012,0.02327524684369564,4.5277338358573616e-06,3.6453147913562134e-06,0.6850834488868713,9.77177478489466e-06,0.36417192220687866,0.030344879254698753,0.00030586717184633017,2.545748429838568e-06,6.522479338855192e-07,6.063096407160629e-06,5.694121682608966e-06,5.459911335492507e-06,5.941727977187838e-06
650,6.11184418630728e-07,0.685084879398346,0.022776279598474503,4.278302185412031e-06,3.5521434256224893e-06,0.6850837469100952,9.639241397962905e-06,0.37000319361686707,0.031291402876377106,0.00024214110453613102,2.4419214241788723e-06,6.454533831856679e-07,6.139195647847373e-06,5.8752075347001664e-06,5.687472821591655e-06,6.097035111451987e-06
660,6.013107736180245e-07,0.6850852370262146,0.022416021674871445,4.025968792120693e-06,3.583706075005466e-06,0.68508380651474,9.59775843512034e-06,0.374252051115036,0.02973327785730362,0.00021790619939565659,2.4460234726575436e-06,7.124410217329569e-07,6.276789008552441e-06,6.173187557578785e-06,5.800598955829628e-06,6.23331743554445e-06
670,6.1869945966464e-07,0.6850854754447937,0.021890422329306602,3.8848324948048685e-06,3.569455202523386e-06,0.6850840449333191,9.529110684525222e-06,0.37573933601379395,0.028941283002495766,0.00023031613091006875,2.4099899746943265e-06,6.603605697819148e-07,6.472521363320993e-06,5.574945589614799e-06,5.9890944612561725e-06,6.393203875632025e-06
680,6.282315325734089e-07,0.6850857734680176,0.016002142801880836,3.565975021047052e-06,3.5640550777316093e-06,0.6850844025611877,9.552146366331726e-06,0.37482598423957825,0.028112240135669708,0.00018522997561376542,2.3604654870723607e-06,6.277477950789034e-07,6.7684654823096935e-06,4.729167812911328e-06,6.147667590994388e-06,6.649661827395903e-06
690,5.726712970499648e-07,0.6850858330726624,0.004941015969961882,3.37788105753134e-06,3.5508953715179814e-06,0.6850845217704773,9.416733519174159e-06,0.37253955006599426,0.028033312410116196,0.00019964590319432318,2.415042672510026e-06,6.689069209642184e-07,7.012663445493672e-06,3.6457158785196953e-06,1.5267047274392098e-05,6.9813322625122964e-06
700,6.099045322116581e-07,0.6850860118865967,0.003562848549336195,3.196478928657598e-06,3.4194094951089937e-06,0.6850848197937012,9.313359441875946e-06,0.3695952594280243,0.027931302785873413,0.00016049123951233923,2.4487612790835556e-06,6.904107294758433e-07,7.239810656756163e-06,2.5573947368684458e-06,6.5859348978847265e-06,7.165726856328547e-06
710,6.009621529301512e-07,0.6850860118865967,0.004357545170933008,3.10367749989382e-06,3.530077947289101e-06,0.6850849390029907,9.34885065362323e-06,0.3663744032382965,0.027797136455774307,0.00016475169104523957,2.3685361156822182e-06,6.12980898040405e-07,7.700011337874457e-06,2.122494606737746e-06,5.730801603931468e-06,7.506551810365636e-06
720,6.855971150798723e-07,0.685086190700531,0.003029780462384224,2.985854962389567e-06,3.492369614832569e-06,0.6850850582122803,9.150367077381816e-06,0.3630223274230957,0.027638249099254608,0.00013614605995826423,2.423909791104961e-06,6.551868523274607e-07,7.988021934579592e-06,3.772051286432543e-06,6.705993655486964e-06,7.957484740472864e-06
730,6.516722237392969e-07,0.6850863099098206,0.003491327166557312,2.70570490101818e-06,3.5677662708621938e-06,0.6850851774215698,9.17150464374572e-06,0.35959577560424805,0.027465306222438812,0.0001049320271704346,2.361829274377669e-06,6.763012834198889e-07,8.362366315850522e-06,2.310598802068853e-06,6.113663403084502e-06,8.298950888274703e-06
740,6.184102403494762e-07,0.6850866079330444,0.002415718976408243,2.5895458293234697e-06,3.6023102438775823e-06,0.6850852966308594,9.04670923773665e-06,0.35613083839416504,0.027303457260131836,0.00011212241224711761,2.407660758763086e-06,5.741095492339809e-07,8.894813618098851e-06,1.4031505770617514e-06,5.685020369128324e-06,8.843443538353313e-06
750,6.107818535383558e-07,0.6850866675376892,0.00286704208701849,2.4174628379114438e-06,3.681528596644057e-06,0.6850854158401489,8.900424290914088e-06,0.35265058279037476,0.02710678242146969,9.68905515037477e-05,2.4459054657199886e-06,6.638937861680461e-07,9.363086974190082e-06,2.5944618755602278e-06,5.248250090517104e-06,9.231283911503851e-06
760,6.752329682058189e-07,0.6850869059562683,0.0027083726599812508,2.3308807612920646e-06,3.6502337934507523e-06,0.6850857734680176,8.798229828244075e-06,0.34916988015174866,0.026450946927070618,9.760507964529097e-05,2.4146052055584732e-06,6.100000291553442e-07,9.89303043752443e-06,2.238378101537819e-06,5.225037966738455e-06,9.920594493451063e-06
770,5.940982532592898e-07,0.6850869059562683,0.002991488203406334,2.3031782347970875e-06,3.732212462637108e-06,0.6850857734680176,8.813584827294108e-06,0.3456988036632538,0.021185848861932755,9.341933764517307e-05,2.3729649001325015e-06,5.814928840663924e-07,1.051420440489892e-05,1.051731146617385e-06,5.278381649986841e-06,1.0504621059226338e-05
780,6.117523980719852e-07,0.6850871443748474,0.0035017537884414196,2.231211510661524e-06,3.7881836760789156e-06,0.6850858330726624,8.78209357324522e-06,0.3422492742538452,0.05194609984755516,9.170405974145979e-05,2.4009573280636687e-06,6.72774888244021e-07,1.133119258156512e-05,1.4321868775368785e-06,5.296677045407705e-06,1.124273785535479e-05
790,5.568708729697391e-07,0.685087263584137,0.0033581687603145838,2.151911530745565e-06,3.885001660819398e-06,0.6850860118865967,8.559680281905457e-06,0.33883342146873474,0.05024319142103195,9.569023677613586e-05,2.3274935756489867e-06,6.448442491091555e-07,1.2073353900632355e-05,1.9275710201327456e-06,5.456761755340267e-06,1.2025043361063581e-05
800,5.984214794807485e-07,0.6850873231887817,0.0031923598144203424,2.0271490939194337e-06,4.014446403743932e-06,0.685086190700531,8.479373718728311e-06,0.3354596495628357,0.05172416940331459,9.792824857868254e-05,2.3200832401926164e-06,6.406099828382139e-07,1.3061471690889448e-05,8.716596084923367e-07,5.509412403625902e-06,1.3045512787357438e-05
810,5.447650437417906e-07,0.6850874423980713,0.0035664443857967854,1.887590769911185e-06,4.117381649848539e-06,0.685086190700531,8.382524356420618e-06,0.3321341574192047,0.0507349856197834,8.777863695286214e-05,2.32051866078109e-06,6.6030742118528e-07,1.4068906239117496e-05,1.322343905485468e-06,5.654680535371881e-06,1.4130784620647319e-05
820,5.634707349599921e-07,0.6850876212120056,0.003171576652675867,1.7744461047186633e-06,4.2002675399999134e-06,0.6850864887237549,8.282552698801737e-06,0.3288612365722656,0.05170763283967972,8.131068898364902e-05,2.2934882508707233e-06,6.07891252002446e-07,1.5350431567640044e-05,1.4602733244828414e-06,5.9873318605241366e-06,1.5243826965161134e-05
830,5.813330972159747e-07,0.6850876808166504,0.0033922428265213966,1.7925535757967737e-06,4.385297870612703e-06,0.6850864887237549,8.073661774687935e-06,0.3256422281265259,0.05139661207795143,7.909712439868599e-05,2.3129332475946285e-06,5.79769277919695e-07,1.6628009689156897e-05,7.237855470521026e-07,6.087927431508433e-06,1.654776860959828e-05
840,6.722539183101617e-07,0.6850878000259399,0.002876209793612361,1.7608241478228592e-06,4.532487764663529e-06,0.6850865483283997,8.063192581175826e-06,0.3224789798259735,0.05146820470690727,8.079169492702931e-05,2.265500370413065e-06,6.229699920368148e-07,1.809592140489258e-05,1.9058195448451443e-06,6.343739642034052e-06,1.7964501239475794e-05
850,6.445445706049213e-07,0.6850878596305847,0.0032094472553581,1.6281683201668784e-06,4.69757378596114e-06,0.6850866675376892,7.98145447333809e-06,0.31937235593795776,0.05160151794552803,7.960271614138037e-05,2.1970565740048187e-06,5.723477443098091e-07,1.962970600288827e-05,1.017821659843321e-06,6.533955911436351e-06,1.9509889170876704e-05
860,6.399541234713979e-07,0.685088038444519,0.002962155267596245,1.5250890328388778e-06,4.911458745482378e-06,0.6850867867469788,7.968190402607433e-06,0.31632092595100403,0.051623743027448654,6.796336674597114e-05,2.1552853013417916e-06,6.384175321727525e-07,2.1306772396201268e-05,6.379689807545219e-07,6.89435137246619e-06,2.1157122318982147e-05
870,6.355556934067863e-07,0.6850879788398743,0.0032627806067466736,1.5214299082799698e-06,5.086370038043242e-06,0.6850868463516235,7.846585504012182e-06,0.31332236528396606,0.05175933241844177,6.747033330611885e-05,2.1511818886210676e-06,5.887242195967701e-07,2.312148171768058e-05,1.9458241240499774e-06,7.104092219378799e-06,2.293823126819916e-05
880,6.534525027745985e-07,0.685088038444519,0.0030913427472114563,1.4026481949258596e-06,5.372430678107776e-06,0.6850870251655579,7.712279511906672e-06,0.3103741407394409,0.051836296916007996,6.33671079413034e-05,2.13472640098189e-06,5.840472567797406e-07,2.497447894711513e-05,6.730832637913409e-07,7.362699761870317e-06,2.4735392798902467e-05
890,6.491876547443098e-07,0.6850883364677429,0.003474583849310875,1.3940692724645487e-06,5.460674401547294e-06,0.6850869655609131,7.601526249345625e-06,0.30746981501579285,0.0520230270922184,6.173899600980803e-05,1.9555411654437194e-06,7.25267398138385e-07,2.690313704079017e-05,5.151598543307045e-07,7.583965725643793e-06,2.666948967089411e-05
900,6.938294632163888e-07,0.6850882768630981,0.003647053148597479,1.460299245081842e-06,5.74137538933428e-06,0.685087263584137,7.573682978545548e-06,0.3045998513698578,0.05214735120534897,5.784908717032522e-05,1.8956475287268404e-06,6.286130656008027e-07,2.8872938855784014e-05,1.2145138725827564e-06,7.826132787158713e-06,2.857075924111996e-05
910,5.219807803769072e-07,0.6850884556770325,0.0036178724840283394,1.364362674394215e-06,5.9929557210125495e-06,0.685087263584137,7.473236109944992e-06,0.3017458915710449,0.05234360322356224,5.696020525647327e-05,1.9755498215090483e-06,6.461126531576156e-07,3.0810482712695375e-05,5.145610089130059e-07,8.115784112305846e-06,3.040840419998858e-05
920,6.650539603469952e-07,0.685088574886322,0.0034368373453617096,1.2748396329698153e-06,6.110510184953455e-06,0.6850873231887817,7.383752745226957e-06,0.2988756597042084,0.052483584731817245,5.446957948151976e-05,1.925897322507808e-06,5.780104856967228e-07,3.274280243203975e-05,1.6234057511610445e-06,8.379392966162413e-06,3.2378899049945176e-05
930,4.724022630853142e-07,0.6850885152816772,0.002908424474298954,1.2799223441106733e-06,6.255729203985538e-06,0.6850873827934265,7.368003480223706e-06,0.29591333866119385,0.05277891084551811,5.4035459470469505e-05,1.8634866592037724e-06,6.936626277820324e-07,3.470615411060862e-05,7.274999234141433e-07,8.554041414754465e-06,3.4228181903017685e-05
940,5.885628979740432e-07,0.6850885152816772,0.0033133388496935368,1.1504387202876387e-06,6.4951423155434895e-06,0.6850874423980713,7.125252068362897e-06,0.29266494512557983,0.05287311598658562,5.051364132668823e-05,1.7970568251257646e-06,6.69368148464855e-07,3.6819699744228274e-05,4.2941789502037864e-07,8.726864507480059e-06,3.629550337791443e-05
950,5.572738359660434e-07,0.6850887537002563,0.002885783091187477,1.0450477248014067e-06,6.647695954598021e-06,0.6850874423980713,7.1103831942309625e-06,0.28846970200538635,0.05319080501794815,4.795857239514589e-05,1.8212575696452404e-06,6.380165018526895e-07,3.8942791434237733e-05,1.0885089523071656e-06,8.95271932677133e-06,3.83247243007645e-05
960,6.036028707967489e-07,0.6850888729095459,0.003109825775027275,1.1716256267391145e-06,6.6857037381851114e-06,0.6850875616073608,7.009983164607547e-06,0.2797975242137909,0.05318201333284378,4.6712284529348835e-05,1.7549630229041213e-06,6.635074214500492e-07,4.121026722714305e-05,4.0277419088852184e-07,9.146223419520538e-06,4.047352194902487e-05
970,6.212768539626268e-07,0.6850889325141907,0.0036254089791327715,1.0673740007405286e-06,6.815179858676856e-06,0.6850876212120056,6.899282197991852e-06,0.2323237955570221,0.05345685034990311,4.7546411224175245e-05,1.6603984249741188e-06,6.200460802574526e-07,4.3495892896316946e-05,1.573569079482695e-06,9.375513400300406e-06,4.274079037713818e-05
980,6.274962061070255e-07,0.6850889325141907,0.0034014093689620495,1.0222829587291926e-06,6.950497663638089e-06,0.6850876808166504,6.886736628075596e-06,0.21834085881710052,0.05361556634306908,5.076624438515864e-05,1.7628102568778559e-06,5.97605321672745e-07,4.595643258653581e-05,5.365143920244009e-07,9.525865607429296e-06,4.518391142482869e-05
990,5.75756132548122e-07,0.6850889325141907,0.003005271777510643,1.0737007869465742e-06,7.060456482577138e-06,0.6850878000259399,6.8755994107050356e-06,0.22012782096862793,0.053577251732349396,4.139437442063354e-05,1.6480134945595637e-06,7.150309784265119e-07,4.8403540858998895e-05,3.2367307767344755e-07,9.806399248191155e-06,4.749814615934156e-05
1000,6.23260689280869e-07,0.6850889921188354,0.002873132238164544,1.0045951057691127e-06,7.1736071731720585e-06,0.6850876808166504,6.757764367648633e-06,0.21280334889888763,0.052674613893032074,3.959871901315637e-05,1.5436660305567784e-06,5.3457290505321e-07,5.1016384531976655e-05,7.774057166898274e-07,9.886319276120048e-06,4.995280323782936e-05
1010,6.410649575627758e-07,0.6850889921188354,0.003467872506007552,9.84456505648268e-07,7.3387463999097236e-06,0.6850878596305847,6.7080532062391285e-06,0.212703138589859,0.05028564855456352,3.839968121610582e-05,1.6475213442390668e-06,6.724672516611463e-07,5.353213055059314e-05,2.597328148112865e-07,1.0199933058174793e-05,5.242995757726021e-05
1020,6.195023161126301e-07,0.685089111328125,0.0034893322736024857,8.963980917542358e-07,7.33061369828647e-06,0.6850879192352295,6.61420745018404e-06,0.20963133871555328,0.051412954926490784,4.104478284716606e-05,1.522689672128763e-06,5.327258918441657e-07,5.614063047687523e-05,1.306706963077886e-06,1.0341313100070693e-05,5.5010797950671986e-05
1030,6.177471618684649e-07,0.685089111328125,0.002891932148486376,9.069961492969014e-07,7.385609933407977e-06,0.685088038444519,6.620159638259793e-06,0.20696130394935608,0.0509166345000267,3.650187863968313e-05,1.5582184005324962e-06,6.609533897972142e-07,5.8669182180892676e-05,4.204507888516673e-07,1.0590802048682235e-05,5.733888247050345e-05
1040,5.968142318124592e-07,0.6850892305374146,0.003095269436016679,9.101530054067553e-07,7.459226253558882e-06,0.685088038444519,6.539245532621862e-06,0.20539341866970062,0.05114192143082619,4.475075184018351e-05,1.5442846006408217e-06,6.31438524578698e-07,6.117557495599613e-05,5.465840331453364e-07,1.0749442481028382e-05,5.9711910580517724e-05
1050,5.643651661557669e-07,0.6850892305374146,0.0036760522052645683,8.335445045304368e-07,7.4178233262500726e-06,0.6850880980491638,6.399455742212012e-06,0.20279954373836517,0.05272363871335983,3.4713768400251865e-05,1.389021576869709e-06,5.310615733833401e-07,6.360557017615065e-05,5.434983449958963e-07,1.081219579646131e-05,6.209145794855431e-05
1060,6.317632141872309e-07,0.6850892901420593,0.0034317593090236187,7.858392905291112e-07,7.409416866721585e-06,0.6850882172584534,6.431597284972668e-06,0.2009326070547104,0.0634777843952179,3.8874066376592964e-05,1.4326858490676386e-06,6.120106377238699e-07,6.57484561088495e-05,2.8214415692673356e-07,1.0866671800613403e-05,6.407563341781497e-05
1070,6.30047168215242e-07,0.6850895285606384,0.003440178232267499,9.099891258301795e-07,7.359336905210512e-06,0.6850882172584534,6.396091521310154e-06,0.1988663524389267,0.04868805781006813,3.200737774022855e-05,1.407499212291441e-06,6.308984552561014e-07,6.765550642739981e-05,7.823687155905645e-07,1.0928527444775682e-05,6.58695207675919e-05
1080,6.283657967287581e-07,0.685089647769928,0.0037276926450431347,7.942887236822571e-07,7.325247224798659e-06,0.6850883364677429,6.302524070633808e-06,0.196921706199646,0.05723798647522926,3.267725696787238e-05,1.3505749620890128e-06,6.402906365110539e-07,6.91182358423248e-05,3.169932369928574e-07,1.097344375011744e-05,6.725671119056642e-05
1090,6.266725449677324e-07,0.6850895285606384,0.003360350616276264,7.901563208179141e-07,7.030399501672946e-06,0.6850882172584534,6.310571279755095e-06,0.19505706429481506,0.021408341825008392,3.688105061883107e-05,1.3752083987128572e-06,5.304486876411829e-07,7.01820754329674e-05,1.1472943697299343e-06,1.0404718523204792e-05,6.82650861563161e-05
1100,6.066338755772449e-07,0.6850895881652832,0.003039510454982519,7.359633968917478e-07,7.0234800659818575e-06,0.6850882768630981,6.281727564783068e-06,0.19321554899215698,0.023591112345457077,2.9954331694170833e-05,1.3819876585330348e-06,5.214013185650401e-07,7.086872210493311e-05,2.7148757908435073e-07,1.0057210602099076e-05,6.879979628138244e-05
1110,6.050465231055568e-07,0.685089647769928,0.0028723925352096558,7.006769351391995e-07,6.838038189016515e-06,0.6850883960723877,6.181780463521136e-06,0.19146624207496643,0.0491936132311821,2.8636768547585234e-05,1.3566569805334439e-06,6.135795160844282e-07,7.104866381268948e-05,8.920053460315103e-07,9.836735443968792e-06,6.872769154142588e-05
1120,6.034176180946815e-07,0.685089647769928,0.0026247675996273756,8.187411140170298e-07,6.54457926430041e-06,0.6850884556770325,6.071032203180948e-06,0.18974526226520538,0.04394412040710449,2.9710987291764468e-05,1.3453756082526525e-06,6.141187327557418e-07,7.059545168885961e-05,3.6998639529883803e-07,9.073992259800434e-06,6.818550173193216e-05
1130,6.017045279804734e-07,0.6850897669792175,0.003173827426508069,8.355137310900318e-07,6.2552990129916e-06,0.6850886344909668,6.077193120290758e-06,0.18808992207050323,0.032408375293016434,3.018141069333069e-05,1.2553548458527075e-06,6.237071374926018e-07,6.967825174797326e-05,4.018643267045263e-07,8.58013936522184e-06,6.713262700941414e-05
1140,6.151598199721775e-07,0.6850897669792175,0.003539526369422674,7.029295829852344e-07,5.989848432363942e-06,0.685088574886322,6.051502168702427e-06,0.18647943437099457,0.036973971873521805,2.9570748665719293e-05,1.2276375400688266e-06,5.976653483230621e-07,6.834808300482109e-05,5.41771441930905e-07,8.166383850038983e-06,6.561812188010663e-05
1150,6.136885417618032e-07,0.6850898265838623,0.0031125720124691725,8.411779504058359e-07,5.661345767293824e-06,0.6850886940956116,6.056716756575042e-06,0.1849193125963211,0.05544787272810936,2.8774851671187207e-05,1.1341984418322681e-06,5.985656343909795e-07,6.674605538137257e-05,3.5560728406380804e-07,7.796350473654456e-06,6.382062565535307e-05
1160,6.630311872868333e-07,0.6850897669792175,0.0034834917169064283,8.386917329517019e-07,5.317217983247247e-06,0.6850886940956116,6.008310265315231e-06,0.1834048628807068,0.027115793898701668,2.6273704861523584e-05,1.2290792028579745e-06,5.995442506900872e-07,6.485543417511508e-05,7.621060831297655e-07,7.353040928137489e-06,6.169358675833791e-05
1170,6.105723855398537e-07,0.6850898861885071,0.003103893017396331,6.270869334912277e-07,5.09034452988999e-06,0.6850886344909668,5.887625775358174e-06,0.18193502724170685,0.019768493250012398,2.5055256628547795e-05,1.1871923106809845e-06,6.005975023981591e-07,6.28504712949507e-05,3.5006624443667533e-07,6.881000899738865e-06,5.9577301726676524e-05
1180,6.08941604696156e-07,0.6850898861885071,0.0032662483863532543,6.279863100644434e-07,4.708525466412539e-06,0.6850887537002563,5.876783689018339e-06,0.18050850927829742,0.0208150502294302,2.4981607566587627e-05,1.2296104614506476e-06,5.844835868629161e-07,6.0996786487521604e-05,1.030754674502532e-06,6.347836460918188e-06,5.739771586377174e-05
1190,6.240729817363899e-07,0.6850900053977966,0.003543341066688299,6.334519184747478e-07,4.377035111247096e-06,0.6850886940956116,5.710871846531518e-06,0.17912310361862183,0.05895970016717911,2.6491175958653912e-05,1.2058332004016847e-06,6.879168950035819e-07,5.916271766182035e-05,4.0319906702279695e-07,5.92061405768618e-06,5.5455217079725116e-05
1200,5.544627583731199e-07,0.6850900053977966,0.0029673022218048573,6.357818733704335e-07,4.036880909552565e-06,0.6850886344909668,5.639682967739645e-06,0.1777777373790741,0.0668126791715622,2.3965942091308534e-05,1.1311343541819951e-06,5.701856480300194e-07,5.768239134340547e-05,8.82383972111711e-07,5.456864528241567e-06,5.348678314476274e-05
1210,6.552395461767446e-07,0.6850901246070862,0.0025822180323302746,6.282861022555153e-07,3.7778745536343195e-06,0.6850886940956116,5.461386535898782e-06,0.17647048830986023,0.04765677824616432,2.4735785700613633e-05,1.2097214039386017e-06,5.716832447433262e-07,5.636158675770275e-05,3.7992447232682025e-07,5.205395154916914e-06,5.172809323994443e-05
1220,6.537315471177862e-07,0.6850900650024414,0.0031628815922886133,6.256914275581948e-07,3.5210659916629083e-06,0.6850888133049011,5.48252546650474e-06,0.17520029842853546,0.03630313649773598,2.3190779756987467e-05,1.1534897339515737e-06,5.564762659560074e-07,5.5204287491505966e-05,3.633031155914068e-07,4.867826646659523e-06,5.024826532462612e-05
1230,6.355159598570026e-07,0.6850900650024414,0.0034994292072951794,6.204919031915779e-07,3.3793901366152568e-06,0.6850889325141907,5.314882855600445e-06,0.1739657074213028,0.08261125534772873,2.7857415261678398e-05,1.0780593129311455e-06,5.830449936183868e-07,5.43275018571876e-05,5.358458565751789e-07,4.531676040642196e-06,4.8964633606374264e-05
1240,6.853597369627096e-07,0.6850900650024414,0.003253605682402849,6.308923161668645e-07,3.1525135000265436e-06,0.6850889921188354,5.324512585502816e-06,0.17276547849178314,0.018984293565154076,2.157704693672713e-05,1.041322320816107e-06,6.010815809531778e-07,5.3863434004597366e-05,3.6663868741015904e-07,4.337027803558158e-06,4.787663056049496e-05
1250,6.324376613520144e-07,0.685090184211731,0.002945622429251671,6.039992967998842e-07,2.8809442937927088e-06,0.6850891709327698,5.155709459359059e-06,0.1715983897447586,0.05217227339744568,1.9862869521602988e-05,1.0847808198377606e-06,5.862216880814231e-07,5.370119833969511e-05,7.075420853652759e-07,4.257552063791081e-06,4.703620288637467e-05
1260,6.145863835627097e-07,0.685090184211731,0.0031340259592980146,6.434240162889182e-07,2.7409769245423377e-06,0.6850891709327698,5.05566140418523e-06,0.17046335339546204,0.03496701642870903,1.910786158987321e-05,1.1347335657774238e-06,5.716254349863448e-07,5.3858104365644976e-05,3.5552290000850917e-07,3.959764853789238e-06,4.629394243238494e-05
1270,5.968930167910003e-07,0.685090184211731,0.002992699621245265,6.342327196762199e-07,2.62058188127412e-06,0.6850891709327698,5.084063559479546e-06,0.16935934126377106,0.07367134839296341,1.87311161425896e-05,1.0432643193780677e-06,6.764802833458816e-07,5.429043812910095e-05,8.795390726845653e-07,3.831767571682576e-06,4.591839388012886e-05
1280,6.309923605840595e-07,0.6850903034210205,0.0028664832934737206,6.113252766226651e-07,2.53384814641322e-06,0.6850894093513489,4.900818112218985e-06,0.16828511655330658,0.06037621572613716,1.7786642274586484e-05,1.0081865866595763e-06,5.591617195932486e-07,5.5500262533314526e-05,4.149273991060909e-07,3.641924195108004e-06,4.5759450586047024e-05
1290,6.454157528423821e-07,0.6850904226303101,0.0032935673370957375,5.312427333592495e-07,2.3941338440636173e-06,0.6850892305374146,4.805716343980748e-06,0.16723968088626862,0.023717764765024185,1.9260611225035973e-05,1.1359052223269828e-06,6.802848133702355e-07,5.655697168549523e-05,1.2800944659829838e-06,3.5321543236932484e-06,4.574863851303235e-05
1300,6.4386352960355e-07,0.6850903630256653,0.0026717414148151875,6.057184691599105e-07,2.2840886231279e-06,0.6850893497467041,4.736334176413948e-06,0.16622227430343628,0.02201719954609871,2.0533781935228035e-05,1.010617779684253e-06,5.945250336480967e-07,5.839360164827667e-05,8.062491474447597e-07,3.3365374747518217e-06,4.592624827637337e-05
1310,6.628193887081579e-07,0.6850904226303101,0.0027448334731161594,6.20277432972216e-07,2.2441627152147703e-06,0.6850892901420593,4.6597456275776494e-06,0.16523173451423645,0.02659653127193451,1.7640326404944062e-05,1.0738151559053222e-06,5.80619143875083e-07,6.063806722522713e-05,9.201592092722422e-07,3.274644313933095e-06,4.644081127480604e-05
1320,5.94108371387847e-07,0.6850903630256653,0.0033838236704468727,5.310255346557824e-07,2.119970304192975e-06,0.6850892305374146,4.576407718559494e-06,0.164267435669899,0.04120735824108124,1.6702699213055894e-05,1.131687326960673e-06,5.824194886372425e-07,6.356731319101527e-05,1.2887182947451947e-06,3.198728563802433e-06,4.705390892922878e-05
1330,5.928917516939691e-07,0.6850903630256653,0.0028193662874400616,5.211556981521426e-07,2.055142203971627e-06,0.6850892901420593,4.48643731942866e-06,0.1633283495903015,0.04457538574934006,1.8990851458511315e-05,1.1016556982212933e-06,5.688368673872901e-07,6.692799797747284e-05,1.0657165603333851e-06,3.1091667551663704e-06,4.781606185133569e-05
1340,6.435863042497658e-07,0.6850905418395996,0.0023843790404498577,5.442557835522166e-07,1.997542995013646e-06,0.6850892901420593,4.334844106779201e-06,0.16241391003131866,0.03940913453698158,1.6474379663122818e-05,1.165988123830175e-06,5.554106223826238e-07,7.064019882818684e-05,2.0178131308057345e-06,3.04456830235722e-06,4.8975740355672315e-05
1350,5.751662683906034e-07,0.6850906610488892,0.0031776560936123133,5.562162641581381e-07,1.97139024749049e-06,0.6850894093513489,4.3824129534186795e-06,0.1615230143070221,0.040836151689291,1.546181010780856e-05,1.1511076536407927e-06,6.842354309810617e-07,7.541572267655283e-05,1.5399754147438216e-06,2.896626028814353e-06,5.025828068028204e-05
1360,6.781599495297996e-07,0.6850906610488892,0.002916439436376095,5.316020406098687e-07,1.984312575586955e-06,0.6850895285606384,4.18398349211202e-06,0.160655215382576,0.06624782085418701,1.995771162910387e-05,1.1547198255357216e-06,5.518814418792317e-07,8.026420982787386e-05,1.443409018975217e-06,2.908236410803511e-06,5.159065403859131e-05
1370,6.621984880439413e-07,0.6850906610488892,0.0033149071969091892,4.437328584572242e-07,1.8673163140192628e-06,0.6850894093513489,3.995036422566045e-06,0.15980961918830872,0.06719134002923965,1.5376728697447106e-05,1.1766524039558135e-06,5.539671406040725e-07,8.479558891849592e-05,2.1153105080884416e-06,2.8149238460173365e-06,5.359195711207576e-05
1380,5.943084033788182e-07,0.6850906610488892,0.002791896229609847,5.642877454192785e-07,1.804535372684768e-06,0.6850895285606384,4.038388851768104e-06,0.1589859277009964,0.06646221876144409,1.3362250683712773e-05,1.2295149645069614e-06,6.752122203579347e-07,8.977025572676212e-05,1.667425749474205e-06,2.6933466870104894e-06,5.5217486078618094e-05
1390,5.935037279414246e-07,0.6850906610488892,0.002998864045366645,4.558243347219104e-07,1.797501795408607e-06,0.685089647769928,3.9469350667786784e-06,0.15818297863006592,0.06809265166521072,1.597654954821337e-05,1.2836781024816446e-06,5.580776587521541e-07,9.399791451869532e-05,2.506313876438071e-06,2.7056096314481692e-06,5.729627446271479e-05
1400,5.927836355112959e-07,0.6850907802581787,0.002616534475237131,4.7070500386325875e-07,1.7606581650397857e-06,0.6850895881652832,3.879412815877004e-06,0.15740036964416504,0.06620334833860397,2.2801312297815457e-05,1.373868144582957e-06,5.822407729283441e-07,9.788468742044643e-05,1.916752808028832e-06,2.653259798535146e-06,5.8893994719255716e-05
1410,5.774940632363723e-07,0.6850907206535339,0.0026019513607025146,4.291877075957018e-07,1.642219672248757e-06,0.6850895881652832,3.8058985865063732e-06,0.1566375195980072,0.06893330067396164,1.2226890248712152e-05,1.5156913377722958e-06,5.767412289969798e-07,0.00010005856893258169,1.6417307051597163e-06,2.708865395106841e-06,6.087063593440689e-05
1420,6.2932025457485e-07,0.6850907802581787,0.0030716077890247107,5.62850061669451e-07,1.7563456822244916e-06,0.685089647769928,3.754722001758637e-06,0.15589380264282227,0.06679008156061172,1.585511927260086e-05,1.7975260107050417e-06,5.786636734228523e-07,0.0001012904176604934,2.2350659492076375e-06,2.5643441858846927e-06,6.201470387168229e-05
1430,6.287856990638829e-07,0.6850907802581787,0.0025702943094074726,4.738941470350255e-07,1.644954181756475e-06,0.6850898265838623,3.697813554026652e-06,0.15516884624958038,0.06973733007907867,1.1693055057548918e-05,1.9822828107862733e-06,6.710523052788631e-07,0.0001025446254061535,1.6611870705673937e-06,2.5767785700736567e-06,6.31363654974848e-05
1440,7.332799896175857e-07,0.6850907206535339,0.002460082061588764,4.32066713074164e-07,1.6558029756197357e-06,0.6850897669792175,3.626216539487359e-06,0.15446189045906067,0.0671032965183258,1.1512620403664187e-05,2.3960865291883238e-06,5.539005201171676e-07,0.00010228539758827537,2.466563728376059e-06,2.6261593575327424e-06,6.406503962352872e-05
1450,5.996205914016173e-07,0.6850907206535339,0.002494501881301403,4.6323751234922383e-07,1.5599089238094166e-06,0.6850897669792175,3.4433064683980774e-06,0.15377245843410492,0.0703718289732933,1.708609670458827e-05,3.50600021192804e-06,5.702733574253216e-07,0.00010222965647699311,2.0783618310815655e-06,2.5504355107841548e-06,6.451357330661267e-05
1460,7.11644645434717e-07,0.6850907206535339,0.002659423742443323,4.769137831317494e-07,1.5771361177030485e-06,0.6850898861885071,3.4916554341180017e-06,0.15310020744800568,0.06752974539995193,1.6065185263869353e-05,9.17989200388547e-06,6.914629580023757e-07,0.00010231970372842625,1.954038907570066e-06,2.539232355047716e-06,6.487412611022592e-05
1470,6.975665201025549e-07,0.6850908398628235,0.0030937932897359133,4.515873115451541e-07,1.531129328213865e-06,0.6850897669792175,3.346680387039669e-06,0.152444526553154,0.07085166871547699,1.1021332284144592e-05,1.8467310383130098e-06,6.863562020953395e-07,0.00010187303996644914,2.6067923499795143e-06,2.5310689579782775e-06,6.510184175567701e-05
1480,5.258132773633406e-07,0.6850908398628235,0.0024857320822775364,3.9999437717597175e-07,1.5405597650897107e-06,0.6850900650024414,3.286011633463204e-06,0.15180501341819763,0.06797471642494202,1.1826130503322929e-05,1.7274883248319384e-06,5.760676344834792e-07,0.00010271535575157031,2.031202939178911e-06,2.549882083258126e-06,6.524635682580993e-05
1490,5.78483309254807e-07,0.6850908398628235,0.002862372202798724,4.794751475856174e-07,1.6038170542742591e-06,0.6850898861885071,3.1979529921954963e-06,0.15118126571178436,0.07146135717630386,1.0192381523665972e-05,2.418516032776097e-06,5.641060170091805e-07,0.00010229673353023827,1.7726242731441744e-06,2.5285123683715938e-06,6.49496796540916e-05
1500,5.92404603594332e-07,0.685090959072113,0.0031401426531374454,5.599141559287091e-07,1.5028683719719993e-06,0.6850900053977966,3.1622048481949605e-06,0.15057258307933807,0.06822250783443451,1.3012720046390314e-05,5.414652605395531e-06,5.660737087964662e-07,0.00010305989417247474,2.6270365651726024e-06,2.5248514248232823e-06,6.535886495839804e-05
1510,5.787660484202206e-07,0.685090959072113,0.0029026516713202,5.756148766522529e-07,1.5769273886689916e-06,0.6850900053977966,3.0004491691215662e-06,0.1499788612127304,0.07202087342739105,1.2817191418434959e-05,1.41656073537888e-06,5.611827873508446e-07,0.0001033032385748811,1.7817375237427768e-06,2.508591023797635e-06,6.605546514037997e-05
1520,6.913683137099724e-07,0.6850910782814026,0.002521292306482792,4.6563164346480335e-07,1.5052335129439598e-06,0.6850900053977966,3.042158141397522e-06,0.14939969778060913,0.06853377819061279,1.2804328434867784e-05,1.6943113223533146e-06,5.699570806427801e-07,0.00010311044025002047,1.8184822465627803e-06,2.4662854229973163e-06,6.566115916939452e-05
1530,5.724247671423655e-07,0.6850910782814026,0.003017753828316927,5.642065161737264e-07,1.5259904557751724e-06,0.6850900650024414,2.998977379320422e-06,0.14883454144001007,0.07255285233259201,1.0634688806021586e-05,2.5570602701918688e-06,5.719210776078398e-07,0.00010408930393168703,2.4050063984759618e-06,2.521380338293966e-06,6.555709114763886e-05
1540,5.861629688297398e-07,0.6850910782814026,0.002496397588402033,4.897341341347783e-07,1.7088804042941774e-06,0.6850900650024414,2.951324177047354e-06,0.14828282594680786,0.06907404959201813,1.2220330972922966e-05,3.1399272302223835e-06,5.870653012607363e-07,0.00010457774624228477,1.6836567056088825e-06,2.4169512471416965e-06,6.681976810796186e-05
1550,6.923369255673606e-07,0.6850910782814026,0.002930645365267992,3.988655805642338e-07,1.599223196535604e-06,0.685090184211731,2.877513452403946e-06,0.1477445811033249,0.07303258776664734,9.544334716338199e-06,1.8773303054331336e-06,5.822597586302436e-07,0.00010500116331968457,2.97676388072432e-06,2.4819455575197935e-06,6.791795021854341e-05
1560,5.669385814144334e-07,0.6850911378860474,0.0023965283762663603,4.1124144445348065e-07,1.6946920595728443e-06,0.685090184211731,2.7280095764581347e-06,0.1472194343805313,0.06951973587274551,1.1630150765995495e-05,6.725222647219198e-06,5.840511221322231e-07,0.00010592337639536709,1.9825799881800776e-06,2.5013432605192065e-06,6.83938997099176e-05
1570,6.800091796321794e-07,0.6850911378860474,0.0027552798856049776,4.4093570750192157e-07,1.7300849322055e-06,0.6850902438163757,2.686030711629428e-06,0.14670692384243011,0.07346946746110916,9.369216968480032e-06,2.0085981304873712e-06,5.8579371398082e-07,0.00010678344551706687,2.2074059415899683e-06,2.470587787684053e-06,6.929333176231012e-05
1580,6.674333690170897e-07,0.6850911974906921,0.0031906114891171455,4.1671461303849355e-07,1.8889411421696423e-06,0.6850900650024414,2.6317136416764697e-06,0.14620664715766907,0.06981026381254196,1.7858374121715315e-05,1.3027025715928175e-06,5.940134997217683e-07,0.00010768613719847053,2.3286220312002115e-06,2.576425686129369e-06,7.011291745584458e-05
1590,5.553543473979516e-07,0.6850911378860474,0.0024047817569226027,4.151050916334498e-07,1.9555438939278247e-06,0.6850901246070862,2.5840695343504194e-06,0.14571894705295563,0.0741674154996872,8.825643817544915e-06,3.0423245789279463e-06,5.889963858862757e-07,0.00010862763883778825,1.748540512380714e-06,2.5178769647027366e-06,7.106500561349094e-05
1600,6.62241916415951e-07,0.6850911378860474,0.0027058457490056753,3.388362586065341e-07,2.19270191337273e-06,0.6850902438163757,2.5511706098768627e-06,0.14524272084236145,0.07033170014619827,9.250265065929852e-06,1.8726659618550912e-06,7.034922759885376e-07,0.000109684573544655,2.840786464730627e-06,2.581211447250098e-06,7.176443614298478e-05
1610,6.758481276847306e-07,0.6850912570953369,0.003087220946326852,3.893220537065645e-07,2.7572432372835465e-06,0.6850903034210205,2.4989296889543766e-06,0.1447780579328537,0.07468008249998093,1.0414632924948819e-05,1.4823910987615818e-06,6.924069566593971e-07,0.00010876284068217501,1.8607131551107159e-06,2.604822384455474e-06,7.22230106475763e-05
1620,6.637453680014005e-07,0.6850912570953369,0.002853299956768751,4.713753014584654e-07,3.825479325314518e-06,0.6850902438163757,2.428486141070607e-06,0.14432422816753387,0.07058972120285034,8.183443242160138e-06,2.521323949622456e-06,5.941749918747519e-07,0.00010689016926335171,2.995858267240692e-06,2.617679001559736e-06,7.052796718198806e-05
1630,5.453372295960435e-07,0.6850911974906921,0.002477593719959259,4.605470280694135e-07,8.026456271181814e-06,0.6850903034210205,2.3925238110678038e-06,0.14388155937194824,0.07520054280757904,1.3631496585730929e-05,2.18571767618414e-06,5.957581379334442e-07,0.00010608388402033597,1.9150218122376828e-06,2.601466803753283e-06,7.073405140545219e-05
1640,5.335178911991534e-07,0.6850911378860474,0.002280890243127942,3.7934751162538305e-07,1.608822230991791e-06,0.6850902438163757,2.352082447032444e-06,0.14344953000545502,0.07058670371770859,9.895965376927052e-06,1.72662601016782e-06,6.035735964360356e-07,0.00010738283162936568,3.248275106670917e-06,2.628366019052919e-06,6.977634620852768e-05
1650,6.661961720055842e-07,0.6850912570953369,0.00300700799562037,3.1711635983810993e-07,3.1914114515529945e-06,0.6850903630256653,2.2256422198552173e-06,0.14302775263786316,0.07575280219316483,8.39924905449152e-06,2.9361588076426415e-06,7.180172474363644e-07,0.00010866325465030968,2.0858124116784893e-06,2.66130564341438e-06,7.154311606427655e-05
1660,6.483140850832569e-07,0.6850912570953369,0.002435161964967847,5.149318553776538e-07,1.2262573818588862e-06,0.6850903630256653,2.1544346964219585e-06,0.14261600375175476,0.07072649151086807,7.775317499181256e-06,2.316445034011849e-06,7.195122861958225e-07,0.00010923940862994641,1.9851202068821294e-06,2.786287041089963e-06,7.22340409993194e-05
1670,6.554874971698155e-07,0.6850913166999817,0.0031706634908914566,3.171365960952244e-07,1.2481432349886745e-06,0.6850904226303101,2.2223557607503608e-06,0.1422143429517746,0.07638707756996155,8.084869477897882e-06,1.8490177353669424e-06,6.144727535684069e-07,0.00010945777466986328,2.2694850940752076e-06,2.7801306714536622e-06,7.176405779318884e-05
1680,6.626322601732682e-07,0.6850913763046265,0.0021015889942646027,4.790902607965108e-07,1.5183203458946082e-06,0.6850904226303101,2.0855550246778876e-06,0.14182192087173462,0.07060917466878891,9.50912362895906e-06,3.175905476382468e-06,6.28374834832357e-07,0.00011005415581166744,1.4749577985639917e-06,2.800122274493333e-06,7.243581785587594e-05
1690,6.574531425940222e-07,0.6850913763046265,0.002196982968598604,4.226397152251593e-07,4.226689270581119e-06,0.6850905418395996,2.1497537545656087e-06,0.14143922924995422,0.07747597247362137,9.587378372089006e-06,2.4921869226091076e-06,6.176085776132823e-07,0.00011046310100937262,2.375839358137455e-06,2.7989144655293785e-06,7.350256782956421e-05
1700,6.584516540897312e-07,0.6850914359092712,0.002915174700319767,4.269925284461351e-07,1.6019887425500201e-06,0.6850904822349548,2.1157381979719503e-06,0.14106537401676178,0.11743316054344177,7.108911631803494e-06,2.367428351135459e-06,6.068717084417585e-07,0.00011144170275656506,1.3905081459597568e-06,2.743995082710171e-06,7.330686639761552e-05
1710,6.412474817807379e-07,0.685091495513916,0.0021643307991325855,3.6369380040923716e-07,1.307802676819847e-06,0.6850906014442444,2.0833354028582107e-06,0.14070071280002594,0.11184556037187576,1.827247251640074e-05,3.85130442737136e-06,6.083500352360716e-07,0.00011160029680468142,2.370263700868236e-06,2.7358505576557945e-06,7.354643457802013e-05
1720,6.423711056413595e-07,0.6850914359092712,0.0026226798072457314,3.848880112400366e-07,1.5249551097440417e-06,0.6850905418395996,1.932276290972368e-06,0.14034458994865417,0.11432483047246933,1.5078778233146295e-05,2.992147756231134e-06,6.157114285088028e-07,0.00011239870946155861,1.4380565289684455e-06,2.578943622211227e-06,7.465286034857854e-05
1730,6.614880021516001e-07,0.685091495513916,0.003123351838439703,3.256678837715299e-07,2.7106334528070875e-06,0.6850904822349548,1.9009977449968574e-06,0.13999710977077484,0.1139465719461441,6.985271284065675e-06,4.681419341068249e-06,7.422381713695358e-07,0.00011387118138372898,2.334071268705884e-06,2.7171768124389928e-06,7.373887638095766e-05
1740,6.565640546796203e-07,0.6850913166999817,0.0018674330785870552,4.0791297806208604e-07,4.31916669185739e-06,0.6850903630256653,1.8768039353744825e-06,0.13965795934200287,0.11412223428487778,7.278789780684747e-06,4.645250555768143e-06,6.24226913714665e-07,0.00011423288378864527,1.380715048071579e-06,2.5862780148599995e-06,7.530683069489896e-05
1750,6.636115585934022e-07,0.6850914359092712,0.002013877034187317,4.3906607061217073e-07,1.3230828699306585e-06,0.6850904822349548,1.947493274201406e-06,0.139326810836792,0.11446401476860046,6.771260359528242e-06,4.190981144347461e-06,7.506145038860268e-07,0.00011505459406180307,1.5273666349457926e-06,2.663459781615529e-06,7.670963532291353e-05
1760,6.647368309131707e-07,0.6850914359092712,0.0021495220717042685,3.30399757331179e-07,1.3652095276484033e-06,0.6850904822349548,1.8056045973935397e-06,0.13900375366210938,0.11464124172925949,6.994050636421889e-06,5.851599325978896e-06,6.448733529396122e-07,0.00011508373427204788,1.3870263728676946e-06,2.442759978293907e-06,7.75821681600064e-05
1770,5.407680987445929e-07,0.6850914359092712,0.002119125099852681,4.65652618686363e-07,2.354072648813599e-06,0.6850905418395996,1.8919770354841603e-06,0.13868847489356995,0.11487771570682526,6.538190973515157e-06,4.932185220241081e-06,6.400855454558041e-07,0.00011743219511117786,1.009813672681048e-06,2.638495971041266e-06,8.008217992028221e-05
1780,6.552484705935058e-07,0.685091495513916,0.002629646332934499,2.965593068893213e-07,1.0145525266125333e-05,0.6850905418395996,1.7407362520316383e-06,0.1383807510137558,0.11506541818380356,8.686371074873023e-06,5.81973472435493e-06,6.357736879181175e-07,0.0001194399010273628,1.3384305930230767e-06,2.533493216105853e-06,7.928715058369562e-05
1790,6.795621061428392e-07,0.685091495513916,0.002246770542114973,3.224742499696731e-07,1.534259922664205e-06,0.6850905418395996,1.7036136341630481e-06,0.1380806416273117,0.11530999094247818,7.159010692703305e-06,4.741659267892828e-06,6.368993581418181e-07,0.0001226777385454625,8.671592013342888e-07,2.5727031243150122e-06,8.287074888357893e-05
1800,6.631868814110931e-07,0.685091495513916,0.002046761801466346,3.643459365321178e-07,2.0342586140031926e-06,0.6850906014442444,1.7734707853378495e-06,0.13778789341449738,0.1155100092291832,1.1277732482994907e-05,4.375673597678542e-06,6.322678132164583e-07,0.00012850784696638584,1.286942961087334e-06,2.428697371215094e-06,8.940264524426311e-05
1810,6.584591574210208e-07,0.6850915551185608,0.00249941973015666,3.5453854252409656e-07,4.158294359513093e-06,0.6850906014442444,1.6423379065599875e-06,0.13750195503234863,0.11572106927633286,1.3509339623851702e-05,4.689700290327892e-06,6.33468971500406e-07,0.00012618537584785372,7.571761670988053e-07,2.5158415155601688e-06,8.571373473387212e-05
1820,6.59484499010432e-07,0.6850916147232056,0.0022581806406378746,3.1567594760417705e-07,3.906151505361777e-06,0.6850906610488892,1.7436633470424567e-06,0.13722319900989532,0.1159333661198616,7.621885742992163e-06,3.9041538002493326e-06,6.40259145257005e-07,0.00011293743591522798,1.3480998859449755e-06,2.464066028551315e-06,7.767206989228725e-05
1830,6.604815325772506e-07,0.6850916147232056,0.002261754358187318,3.5643347473524045e-07,2.931575409093057e-06,0.6850906610488892,1.6076609199444647e-06,0.1369509994983673,0.11613966524600983,1.5316778444685042e-05,4.629807335732039e-06,6.470131665992085e-07,0.0001199117032228969,8.218129323722678e-07,2.438838237139862e-06,8.201985474443063e-05
1840,6.445192184401094e-07,0.6850916147232056,0.0021539644803851843,3.480040504655335e-07,9.970133760361932e-06,0.6850906014442444,1.5812394167369348e-06,0.13668519258499146,0.1163446456193924,6.427178050216753e-06,3.8396847230615094e-06,6.477623060163751e-07,0.0001234030642081052,1.2827847513108281e-06,2.651421937116538e-06,8.353765588253736e-05
1850,6.681091804239259e-07,0.6850915551185608,0.0026124007999897003,3.997424755652901e-07,3.2263778848573565e-06,0.6850907206535339,1.6562887594773201e-06,0.13642628490924835,0.1165495216846466,7.728842319920659e-06,3.4811898785847006e-06,6.485925041488372e-07,0.00012360350228846073,8.771538091423281e-07,2.440411662973929e-06,8.364440873265266e-05
1860,6.691449812024075e-07,0.6850915551185608,0.002234051004052162,4.2777946873684414e-07,9.347245395474602e-06,0.6850907206535339,1.5231792076519923e-06,0.1361735314130783,0.11675043404102325,6.3904717535478994e-06,3.930053026124369e-06,6.495988600363489e-07,0.0001238505938090384,1.3451847280521179e-06,2.4630762709421106e-06,8.371208241442218e-05
1870,6.534846761496738e-07,0.6850916743278503,0.0026263243053108454,3.545756896983221e-07,4.592754976329161e-06,0.6850907206535339,1.4924895594958798e-06,0.13592703640460968,0.11694936454296112,5.823918854730437e-06,3.294378984719515e-06,6.505624696728773e-07,0.00012394407531246543,8.718296840015682e-07,2.3799575501470827e-06,8.389894355786964e-05
1880,6.545703854499152e-07,0.6850916147232056,0.0021196864545345306,3.93807908949384e-07,8.418422112299595e-06,0.6850906014442444,1.5866449984969222e-06,0.13568639755249023,0.11714654415845871,2.1897942133364268e-05,3.912962256436003e-06,6.404647479030245e-07,0.0001237504038726911,1.4481759080808843e-06,2.285636810483993e-06,8.416637865593657e-05
1890,6.501608140752069e-07,0.6850916147232056,0.0020523788407444954,4.1992828414549876e-07,3.294986527180299e-06,0.6850907206535339,1.455256096960511e-06,0.13545171916484833,0.1173410564661026,6.016136012476636e-06,3.420037046453217e-06,6.476050771198061e-07,0.00012409663759171963,7.892427333899832e-07,2.321408146599424e-06,8.534932567272335e-05
1900,6.567884156538639e-07,0.6850917339324951,0.0024038045667111874,3.612104535477556e-07,6.755919457646087e-06,0.6850907206535339,1.426044150321104e-06,0.13522280752658844,0.11753357201814651,5.695625532098347e-06,3.0521223379764706e-06,6.434786996578623e-07,0.00012475435505621135,1.4868784319332917e-06,2.364721922276658e-06,8.483128476655111e-05
1910,6.578704301318794e-07,0.6850917339324951,0.0022293804213404655,3.4676381233111897e-07,3.072074832743965e-06,0.6850907802581787,1.510537458671024e-06,0.13499940931797028,0.11772384494543076,7.191238182713278e-06,3.436452288951841e-06,6.445472990890266e-07,0.00012624304508790374,1.2198686363262823e-06,2.4379469323321246e-06,8.683592750458047e-05
1920,5.342910753824981e-07,0.6850917339324951,0.0021210007835179567,3.9980938026928925e-07,4.948229616275057e-06,0.6850908398628235,1.3861491652278346e-06,0.13478171825408936,0.11791195720434189,1.0512187145650387e-05,2.983564399983152e-06,6.510840648843441e-07,0.0001259993587154895,8.895360679161968e-07,2.3802447230991675e-06,8.559763227822259e-05
1930,5.353522283257917e-07,0.6850917935371399,0.002164775040000677,3.558690764293715e-07,5.36290644959081e-06,0.6850908398628235,1.359362045150192e-06,0.13456912338733673,0.11809787154197693,1.220268131874036e-05,3.412330897845095e-06,6.521615887322696e-07,0.00012686444097198546,1.3791736819257494e-06,2.2809156234870898e-06,8.607962809037417e-05
1940,5.418588671091129e-07,0.6850917935371399,0.0021444486919790506,3.413231866034039e-07,4.127793999941787e-06,0.6850908994674683,1.343729650216119e-06,0.1343618929386139,0.11828165501356125,8.483099918521475e-06,3.113558250333881e-06,6.531849976454396e-07,0.00012654595775529742,8.368140242964728e-07,2.3905886337161064e-06,8.586909825680777e-05
1950,6.515558652608888e-07,0.6850917339324951,0.002185594057664275,3.26325732658006e-07,9.2044792836532e-06,0.6850907802581787,1.3242893146525603e-06,0.13415980339050293,0.11846299469470978,5.466283255373128e-06,2.819348082994111e-06,6.596317234652815e-07,0.00012679898645728827,1.0611879588395823e-06,2.458174776620581e-06,8.762608922552317e-05
1960,6.527882305817911e-07,0.6850917339324951,0.0019070212729275227,3.6274607850828033e-07,3.3675728445814457e-06,0.6850908398628235,1.3089660342302523e-06,0.13396306335926056,0.11864227056503296,8.676405741425697e-06,3.138079591735732e-06,6.553523235197645e-07,0.000126855171401985,1.007182049761468e-06,2.4430548819509568e-06,8.849193545756862e-05
1970,6.592293857465847e-07,0.6850916743278503,0.001954468432813883,4.1346092416461033e-07,6.949171620362904e-06,0.6850908994674683,1.2837509757446242e-06,0.13377082347869873,0.11881914734840393,5.478957973537035e-06,2.8392678359523416e-06,6.564516183971136e-07,0.00012660144420806319,6.803910537200863e-07,2.302707116541569e-06,8.800188516033813e-05
1980,6.603498263757501e-07,0.6850917339324951,0.0026520942337810993,3.1934305866343493e-07,2.832114432749222e-06,0.6850908994674683,1.2713458090729546e-06,0.13358354568481445,0.11899391561746597,5.54865027879714e-06,3.228622972528683e-06,6.574991289198806e-07,0.0001265715400222689,1.002473027256201e-06,2.3856428015278652e-06,8.909179450711235e-05
1990,6.562160592693544e-07,0.6850917339324951,0.002592358971014619,3.041425031824474e-07,5.036359652876854e-06,0.6850908398628235,1.24192217754171e-06,0.13340090215206146,0.11916638165712357,8.979786798590794e-06,2.9458826702466467e-06,5.39411814770574e-07,0.00012766628060489893,6.538377874676371e-07,2.2979631921771215e-06,8.840215014060959e-05
